{
    "comment": "scale_file_salicylic",
    "OutBlock_0_sum": 0.708412106332637,
    "OutBlock_0_had": 3.7264635405990547,
    "TripInteraction_1_had_rbf": 3.7144843673094576,
    "TripInteraction_1_sum_cbf": 2.354835662027806,
    "AtomUpdate_1_sum": 0.7902650275261534,
    "OutBlock_1_sum": 0.5879693124557296,
    "OutBlock_1_had": 3.742789425772824,
    "TripInteraction_2_had_rbf": 3.708284534874237,
    "TripInteraction_2_sum_cbf": 2.374280205654195,
    "AtomUpdate_2_sum": 0.6250967312805381,
    "OutBlock_2_sum": 0.5295205337691795,
    "OutBlock_2_had": 3.419425341874239,
    "TripInteraction_3_had_rbf": 3.7637109345460584,
    "TripInteraction_3_sum_cbf": 2.0096039159490915,
    "AtomUpdate_3_sum": 0.4530791361499437,
    "OutBlock_3_sum": 0.6336597852095548,
    "OutBlock_3_had": 3.765799205559753,
    "TripInteraction_4_had_rbf": 3.6317131207053492,
    "TripInteraction_4_sum_cbf": 2.191488760265469,
    "AtomUpdate_4_sum": 0.5425275405601839,
    "OutBlock_4_sum": 0.48933822525754167,
    "OutBlock_4_had": 3.4071645120661014
}