{
    "comment": "scale_file_paracetamol",
    "OutBlock_0_sum": 0.6782729694918889,
    "OutBlock_0_had": 3.7217242557698227,
    "TripInteraction_1_had_rbf": 3.8537513026228183,
    "TripInteraction_1_sum_cbf": 2.365301553438041,
    "AtomUpdate_1_sum": 0.7747591836268334,
    "OutBlock_1_sum": 0.6025820631800288,
    "OutBlock_1_had": 3.7314536001680927,
    "TripInteraction_2_had_rbf": 3.6933643811457113,
    "TripInteraction_2_sum_cbf": 2.3210572666479843,
    "AtomUpdate_2_sum": 0.6344575018534904,
    "OutBlock_2_sum": 0.5723437427176533,
    "OutBlock_2_had": 3.5211850213729887,
    "TripInteraction_3_had_rbf": 3.79871906849621,
    "TripInteraction_3_sum_cbf": 2.1877096077715525,
    "AtomUpdate_3_sum": 0.49091855246331645,
    "OutBlock_3_sum": 0.6047489918080384,
    "OutBlock_3_had": 3.6544077684975376,
    "TripInteraction_4_had_rbf": 3.7256499736017537,
    "TripInteraction_4_sum_cbf": 2.2572862726075975,
    "AtomUpdate_4_sum": 0.5719128573763383,
    "OutBlock_4_sum": 0.5416104617482724,
    "OutBlock_4_had": 3.6599469024561153
}