{
    "comment": "scale_file_ethanol",
    "OutBlock_0_sum": 0.7609561126577917,
    "OutBlock_0_had": 2.7798261942701825,
    "TripInteraction_1_had_rbf": 3.0857031776489543,
    "TripInteraction_1_sum_cbf": 2.707478610462026,
    "AtomUpdate_1_sum": 0.9407014574110035,
    "OutBlock_1_sum": 0.6261431955184461,
    "OutBlock_1_had": 2.746992223675555,
    "TripInteraction_2_had_rbf": 2.7553327754494488,
    "TripInteraction_2_sum_cbf": 2.3397089281724,
    "AtomUpdate_2_sum": 0.73183549600903,
    "OutBlock_2_sum": 0.5954785658048404,
    "OutBlock_2_had": 2.8077292856575213,
    "TripInteraction_3_had_rbf": 3.045636901934166,
    "TripInteraction_3_sum_cbf": 2.321349168695191,
    "AtomUpdate_3_sum": 0.6570785548264574,
    "OutBlock_3_sum": 0.6209102766351116,
    "OutBlock_3_had": 2.7535169510741553,
    "TripInteraction_4_had_rbf": 3.115884957918279,
    "TripInteraction_4_sum_cbf": 2.4641298645949354,
    "AtomUpdate_4_sum": 0.6596051006476786,
    "OutBlock_4_sum": 0.5932473691700207,
    "OutBlock_4_had": 2.8736319707087516
}