{
    "comment": "scale_file_malonaldehyde",
    "OutBlock_0_sum": 0.8940752326446073,
    "OutBlock_0_had": 3.214324406887833,
    "TripInteraction_1_had_rbf": 3.368311327481302,
    "TripInteraction_1_sum_cbf": 2.9030987857486843,
    "AtomUpdate_1_sum": 1.034487079134268,
    "OutBlock_1_sum": 0.6970164146392647,
    "OutBlock_1_had": 3.144579216607191,
    "TripInteraction_2_had_rbf": 3.102341785522543,
    "TripInteraction_2_sum_cbf": 2.7071674444350444,
    "AtomUpdate_2_sum": 0.8289754768277784,
    "OutBlock_2_sum": 0.7044374203705015,
    "OutBlock_2_had": 3.01514452177592,
    "TripInteraction_3_had_rbf": 3.3233713989802744,
    "TripInteraction_3_sum_cbf": 2.623147169532895,
    "AtomUpdate_3_sum": 0.6820948529217485,
    "OutBlock_3_sum": 0.7043799097760443,
    "OutBlock_3_had": 3.0239672791741383,
    "TripInteraction_4_had_rbf": 3.2270869824014916,
    "TripInteraction_4_sum_cbf": 2.765903959627583,
    "AtomUpdate_4_sum": 0.7856562000108673,
    "OutBlock_4_sum": 0.610208824021371,
    "OutBlock_4_had": 2.9613483977063573
}