{
    "comment": "scale_file_uracil",
    "OutBlock_0_sum": 0.8265761537579795,
    "OutBlock_0_had": 3.5286594026216425,
    "TripInteraction_1_had_rbf": 3.713333309568634,
    "TripInteraction_1_sum_cbf": 2.6478975079378144,
    "AtomUpdate_1_sum": 0.990419271316062,
    "OutBlock_1_sum": 0.7353436478766696,
    "OutBlock_1_had": 3.3685189468216854,
    "TripInteraction_2_had_rbf": 3.4814412872086815,
    "TripInteraction_2_sum_cbf": 2.527010711545183,
    "AtomUpdate_2_sum": 0.778869825273435,
    "OutBlock_2_sum": 0.671573588739882,
    "OutBlock_2_had": 3.2116574383594165,
    "TripInteraction_3_had_rbf": 3.4848443588273943,
    "TripInteraction_3_sum_cbf": 2.3934902387033756,
    "AtomUpdate_3_sum": 0.669910869608917,
    "OutBlock_3_sum": 0.7200441187755829,
    "OutBlock_3_had": 3.2466146493244343,
    "TripInteraction_4_had_rbf": 3.367399060793687,
    "TripInteraction_4_sum_cbf": 2.440086819805159,
    "AtomUpdate_4_sum": 0.7807109553678122,
    "OutBlock_4_sum": 0.6169892607188611,
    "OutBlock_4_had": 2.998665711670033
}