{
    "comment": "scale_file_naphthalene",
    "OutBlock_0_sum": 0.6536699845798223,
    "OutBlock_0_had": 3.5944957325758025,
    "TripInteraction_1_had_rbf": 3.6961980686168117,
    "TripInteraction_1_sum_cbf": 2.2860200635029257,
    "AtomUpdate_1_sum": 0.8210015813891953,
    "OutBlock_1_sum": 0.5416971551793062,
    "OutBlock_1_had": 3.824232585745095,
    "TripInteraction_2_had_rbf": 3.6519178451008543,
    "TripInteraction_2_sum_cbf": 2.2523697982174995,
    "AtomUpdate_2_sum": 0.5829967170582657,
    "OutBlock_2_sum": 0.5208746483909747,
    "OutBlock_2_had": 3.48040890265825,
    "TripInteraction_3_had_rbf": 3.6501168787796514,
    "TripInteraction_3_sum_cbf": 1.9606544473529788,
    "AtomUpdate_3_sum": 0.440392548089973,
    "OutBlock_3_sum": 0.6140777187989421,
    "OutBlock_3_had": 3.673362892584502,
    "TripInteraction_4_had_rbf": 3.6860538836137517,
    "TripInteraction_4_sum_cbf": 2.072960108986008,
    "AtomUpdate_4_sum": 0.5198601507162159,
    "OutBlock_4_sum": 0.49340917810934287,
    "OutBlock_4_had": 3.342788587339256
}