{
    "comment": "gemnet_t",
    "OutBlock_0_sum": 0.8060492927768276,
    "OutBlock_0_had": 10.434480844685154,
    "TripInteraction_1_had_rbf": 9.133484456811345,
    "TripInteraction_1_sum_cbf": 3.6598747283297137,
    "AtomUpdate_1_sum": 0.546655025213096,
    "OutBlock_1_sum": 0.6254285782913251,
    "OutBlock_1_had": 8.51641123489022,
    "TripInteraction_2_had_rbf": 8.5183570999153,
    "TripInteraction_2_sum_cbf": 3.840492735042332,
    "AtomUpdate_2_sum": 0.4329617145833783,
    "OutBlock_2_sum": 0.481922718926851,
    "OutBlock_2_had": 8.265837405775088,
    "TripInteraction_3_had_rbf": 7.953447870191356,
    "TripInteraction_3_sum_cbf": 3.0433478125950106,
    "AtomUpdate_3_sum": 0.3619812991580737,
    "OutBlock_3_sum": 0.43036525248502394,
    "OutBlock_3_had": 8.459873850908869,
    "TripInteraction_4_had_rbf": 7.579837811661836,
    "TripInteraction_4_sum_cbf": 3.416647777619724,
    "AtomUpdate_4_sum": 0.3328316900535811,
    "OutBlock_4_sum": 0.4452657476832535,
    "OutBlock_4_had": 7.745049313711285
}