{
    "energy_mean": -403.91563382107904,
    "energy_std": 305.8149477898007,
    "energy_per_atom_mean": -7.126058002724157,
    "energy_per_atom_std": 0.8157094128942625,
    "force_mean": 0.0,
    "force_std": 1.9848724955275014
}