{
    "comment": "gemnet_t",
    "OutBlock_0_sum": 1.439272576774458,
    "TripInteraction_1_had_rbf": 12.239238752174584,
    "TripInteraction_1_sum_cbf": 7.094922990910384,
    "AtomUpdate_1_sum": 1.3666739338352811,
    "OutBlock_1_sum": 1.2492932527212979,
    "TripInteraction_2_had_rbf": 11.92624751034817,
    "TripInteraction_2_sum_cbf": 7.383494858841188,
    "AtomUpdate_2_sum": 1.2861622979718152,
    "OutBlock_2_sum": 1.171586972321008,
    "TripInteraction_3_had_rbf": 12.30153963784299,
    "TripInteraction_3_sum_cbf": 7.167547977368493,
    "AtomUpdate_3_sum": 1.1967016698837802,
    "OutBlock_3_sum": 1.068079437621834
}