{
    "comment": "gemnet_t",
    "OutBlock_0_sum": 0.8693591595683157,
    "TripInteraction_1_had_rbf": 9.346817833481673,
    "TripInteraction_1_sum_cbf": 3.9225815370799193,
    "AtomUpdate_1_sum": 0.6211814146937147,
    "OutBlock_1_sum": 0.7028493251379463,
    "TripInteraction_2_had_rbf": 8.717084078778422,
    "TripInteraction_2_sum_cbf": 4.138665039881801,
    "AtomUpdate_2_sum": 0.4968080816552796,
    "OutBlock_2_sum": 0.5271820819480154,
    "TripInteraction_3_had_rbf": 7.993241291112554,
    "TripInteraction_3_sum_cbf": 3.09226765118443,
    "AtomUpdate_3_sum": 0.40028061535310233,
    "OutBlock_3_sum": 0.48570481553491257,
    "TripInteraction_4_had_rbf": 7.685100689447905,
    "TripInteraction_4_sum_cbf": 3.5032468322418056,
    "AtomUpdate_4_sum": 0.36100196549592817,
    "OutBlock_4_sum": 0.46847865170983377
}