{
    "comment": "gemnet_t",
    "OutBlock_0_sum": 0.7994278430529059,
    "OutBlock_0_had": 7.50661584318015,
    "TripInteraction_1_had_rbf": 8.644098384688185,
    "TripInteraction_1_sum_cbf": 4.445090145625158,
    "AtomUpdate_1_sum": 0.6962276643938436,
    "OutBlock_1_sum": 0.6829092698651102,
    "OutBlock_1_had": 7.8047377233099775,
    "TripInteraction_2_had_rbf": 8.183909416535208,
    "TripInteraction_2_sum_cbf": 4.6629380870766965,
    "AtomUpdate_2_sum": 0.5388590108024117,
    "OutBlock_2_sum": 0.6528700914855038,
    "OutBlock_2_had": 7.178525831380512,
    "TripInteraction_3_had_rbf": 7.289073406322427,
    "TripInteraction_3_sum_cbf": 3.9692424183346335,
    "AtomUpdate_3_sum": 0.502148067553283,
    "OutBlock_3_sum": 0.5291852827552533,
    "OutBlock_3_had": 7.685195932032862,
    "TripInteraction_4_had_rbf": 7.4754437947701655,
    "TripInteraction_4_sum_cbf": 3.849540123559605,
    "AtomUpdate_4_sum": 0.4344294062751121,
    "OutBlock_4_sum": 0.5280125878173499,
    "OutBlock_4_had": 7.531478676642017
}