{
    "comment": "scale_file_benzene",
    "OutBlock_0_sum": 0.7732701119126723,
    "OutBlock_0_had": 3.2863421353130278,
    "TripInteraction_1_had_rbf": 3.4938454086803787,
    "TripInteraction_1_sum_cbf": 2.4986635941992605,
    "AtomUpdate_1_sum": 1.1510214831422032,
    "OutBlock_1_sum": 0.6493001918690724,
    "OutBlock_1_had": 3.4253844336330497,
    "TripInteraction_2_had_rbf": 3.387876406887104,
    "TripInteraction_2_sum_cbf": 2.391104335773648,
    "AtomUpdate_2_sum": 0.7747877633203867,
    "OutBlock_2_sum": 0.6383624101873225,
    "OutBlock_2_had": 3.1029382488275083,
    "TripInteraction_3_had_rbf": 3.412775624948028,
    "TripInteraction_3_sum_cbf": 2.1932004154219094,
    "AtomUpdate_3_sum": 0.5909749169475025,
    "OutBlock_3_sum": 0.7394283117987663,
    "OutBlock_3_had": 3.2005780444556446,
    "TripInteraction_4_had_rbf": 3.355392134760073,
    "TripInteraction_4_sum_cbf": 2.524182214277906,
    "AtomUpdate_4_sum": 0.7969163898874524,
    "OutBlock_4_sum": 0.5827609484713551,
    "OutBlock_4_had": 2.8907418727488507
}