{
    "comment": "scale_file_azobenzene",
    "OutBlock_0_sum": 0.7267199269537366,
    "OutBlock_0_had": 3.6721099661653462,
    "TripInteraction_1_had_rbf": 3.8434205280506486,
    "TripInteraction_1_sum_cbf": 2.4408362705031648,
    "AtomUpdate_1_sum": 0.9285371687093383,
    "OutBlock_1_sum": 0.6339094180134449,
    "OutBlock_1_had": 3.801420236179182,
    "TripInteraction_2_had_rbf": 3.7600190240133857,
    "TripInteraction_2_sum_cbf": 2.3888835061144915,
    "AtomUpdate_2_sum": 0.7039625403172786,
    "OutBlock_2_sum": 0.6189533316158119,
    "OutBlock_2_had": 3.4885073958466193,
    "TripInteraction_3_had_rbf": 3.789267549121076,
    "TripInteraction_3_sum_cbf": 2.233338351400586,
    "AtomUpdate_3_sum": 0.5671899069176567,
    "OutBlock_3_sum": 0.6421655502813707,
    "OutBlock_3_had": 3.5171335889455886,
    "TripInteraction_4_had_rbf": 3.5510965782142963,
    "TripInteraction_4_sum_cbf": 2.3679985108174306,
    "AtomUpdate_4_sum": 0.6502314839634002,
    "OutBlock_4_sum": 0.5740265291621609,
    "OutBlock_4_had": 3.71064582226812
}