{
    "comment": "scale_file_toluene",
    "OutBlock_0_sum": 0.6794183966141323,
    "OutBlock_0_had": 3.427858330763987,
    "TripInteraction_1_had_rbf": 3.6107747266371497,
    "TripInteraction_1_sum_cbf": 2.37806417359419,
    "AtomUpdate_1_sum": 0.8709810351993797,
    "OutBlock_1_sum": 0.5564273428122501,
    "OutBlock_1_had": 3.578207808446112,
    "TripInteraction_2_had_rbf": 3.4892857520514595,
    "TripInteraction_2_sum_cbf": 2.3127611604545746,
    "AtomUpdate_2_sum": 0.6076736148365074,
    "OutBlock_2_sum": 0.5204383940195347,
    "OutBlock_2_had": 3.3177915130308113,
    "TripInteraction_3_had_rbf": 3.538994454378533,
    "TripInteraction_3_sum_cbf": 2.124546970107223,
    "AtomUpdate_3_sum": 0.4320790069792559,
    "OutBlock_3_sum": 0.5776828540077569,
    "OutBlock_3_had": 3.434060850720685,
    "TripInteraction_4_had_rbf": 3.6014822825391843,
    "TripInteraction_4_sum_cbf": 2.1749789530857133,
    "AtomUpdate_4_sum": 0.5112712986030825,
    "OutBlock_4_sum": 0.4409118087352984,
    "OutBlock_4_had": 3.380772704241867
}