{
    "comment": "scale_file_aspirin",
    "OutBlock_0_sum": 0.6567352638619438,
    "OutBlock_0_had": 3.906697139469997,
    "TripInteraction_1_had_rbf": 3.838084508997802,
    "TripInteraction_1_sum_cbf": 2.391343309221545,
    "AtomUpdate_1_sum": 0.7033516149307766,
    "OutBlock_1_sum": 0.5849455515624685,
    "OutBlock_1_had": 3.800675534183259,
    "TripInteraction_2_had_rbf": 3.836656985182414,
    "TripInteraction_2_sum_cbf": 2.333536727224742,
    "AtomUpdate_2_sum": 0.589723260814353,
    "OutBlock_2_sum": 0.5489961554286029,
    "OutBlock_2_had": 3.681753115478949,
    "TripInteraction_3_had_rbf": 3.9173446318498915,
    "TripInteraction_3_sum_cbf": 2.1648330177096673,
    "AtomUpdate_3_sum": 0.49192507139254915,
    "OutBlock_3_sum": 0.6319906184703656,
    "OutBlock_3_had": 3.944532771036406,
    "TripInteraction_4_had_rbf": 3.8311564634983593,
    "TripInteraction_4_sum_cbf": 2.2892947836051003,
    "AtomUpdate_4_sum": 0.5480284994876734,
    "OutBlock_4_sum": 0.5051883207733454,
    "OutBlock_4_had": 3.6980697239472287
}