{
    "comment": "gemnet_t",
    "OutBlock_0_sum": 1.6235023713375143,
    "OutBlock_0_had": 12.150759435602804,
    "TripInteraction_1_had_rbf": 12.726904195877328,
    "TripInteraction_1_sum_cbf": 7.663423773118647,
    "AtomUpdate_1_sum": 1.5205685117282588,
    "OutBlock_1_sum": 1.4134930707566544,
    "OutBlock_1_had": 12.731452991770803,
    "TripInteraction_2_had_rbf": 12.370063462198628,
    "TripInteraction_2_sum_cbf": 8.21096398166996,
    "AtomUpdate_2_sum": 1.4798195969429746,
    "OutBlock_2_sum": 1.4115443173927056,
    "OutBlock_2_had": 12.879888526569786,
    "TripInteraction_3_had_rbf": 12.72269984082328,
    "TripInteraction_3_sum_cbf": 8.307174506580235,
    "AtomUpdate_3_sum": 1.4938525198045511,
    "OutBlock_3_sum": 1.4772008417947098,
    "OutBlock_3_had": 12.868154197695004
}