{
    "comment": "gemnet_t",
    "OutBlock_0_sum": 1.4672048399130602,
    "TripInteraction_1_had_rbf": 12.271257048532226,
    "TripInteraction_1_sum_cbf": 7.176479534714142,
    "AtomUpdate_1_sum": 1.3923958613416507,
    "OutBlock_1_sum": 1.2896798130905136,
    "TripInteraction_2_had_rbf": 11.949823045290954,
    "TripInteraction_2_sum_cbf": 7.532695328110682,
    "AtomUpdate_2_sum": 1.3325029490304638,
    "OutBlock_2_sum": 1.2536596035907581,
    "TripInteraction_3_had_rbf": 12.326505913070802,
    "TripInteraction_3_sum_cbf": 7.47629743672062,
    "AtomUpdate_3_sum": 1.2965979985289406,
    "OutBlock_3_sum": 1.2375594555763134
}