{
    "comment": "gemnet_t",
    "OutBlock_0_sum": 0.6623658444211525,
    "OutBlock_0_had": 3.7220061500079957,
    "TripInteraction_1_had_rbf": 3.852538477110218,
    "TripInteraction_1_sum_cbf": 2.3593009126841564,
    "AtomUpdate_1_sum": 0.7574408851700871,
    "OutBlock_1_sum": 0.590399081837512,
    "OutBlock_1_had": 3.7325054405931777,
    "TripInteraction_2_had_rbf": 3.689280511497148,
    "TripInteraction_2_sum_cbf": 2.3228497525677723,
    "AtomUpdate_2_sum": 0.6217792179622833,
    "OutBlock_2_sum": 0.5626731120854878,
    "OutBlock_2_had": 3.527489978093279,
    "TripInteraction_3_had_rbf": 3.8034710141591215,
    "TripInteraction_3_sum_cbf": 2.190169081793662,
    "AtomUpdate_3_sum": 0.4811551907786013,
    "OutBlock_3_sum": 0.5922956637962041,
    "OutBlock_3_had": 3.6640132678551165,
    "TripInteraction_4_had_rbf": 3.7401973776651003,
    "TripInteraction_4_sum_cbf": 2.2528886306923352,
    "AtomUpdate_4_sum": 0.5609982789452457,
    "OutBlock_4_sum": 0.5314243506213947,
    "OutBlock_4_had": 3.6154455360827447
}