{
    "comment": "gemnet_t",
    "OutBlock_0_sum": 0.6886189419561128,
    "OutBlock_0_had": 3.7324649075264387,
    "TripInteraction_1_had_rbf": 3.7156651018785234,
    "TripInteraction_1_sum_cbf": 2.3444038514680194,
    "AtomUpdate_1_sum": 0.7679934778217191,
    "OutBlock_1_sum": 0.5753199443454503,
    "OutBlock_1_had": 3.7561786813827047,
    "TripInteraction_2_had_rbf": 3.7074068434872554,
    "TripInteraction_2_sum_cbf": 2.364596798917305,
    "AtomUpdate_2_sum": 0.6119998068005883,
    "OutBlock_2_sum": 0.5203799001096018,
    "OutBlock_2_had": 3.437443957819205,
    "TripInteraction_3_had_rbf": 3.767253369032462,
    "TripInteraction_3_sum_cbf": 2.0216765858138688,
    "AtomUpdate_3_sum": 0.4471974957055392,
    "OutBlock_3_sum": 0.6219224558355769,
    "OutBlock_3_had": 3.781845005663482,
    "TripInteraction_4_had_rbf": 3.645585339789577,
    "TripInteraction_4_sum_cbf": 2.1935401704301523,
    "AtomUpdate_4_sum": 0.5340133274112101,
    "OutBlock_4_sum": 0.4765367339201283,
    "OutBlock_4_had": 3.3985849888441395
}