{
    "comment": "gemnet_t",
    "OutBlock_0_sum": 0.7429604765218185,
    "OutBlock_0_had": 3.286297425982738,
    "TripInteraction_1_had_rbf": 3.4962120493437574,
    "TripInteraction_1_sum_cbf": 2.4965809524960054,
    "AtomUpdate_1_sum": 1.105595845311534,
    "OutBlock_1_sum": 0.6280401099743552,
    "OutBlock_1_had": 3.449810025384462,
    "TripInteraction_2_had_rbf": 3.3839085080550557,
    "TripInteraction_2_sum_cbf": 2.3987019764235753,
    "AtomUpdate_2_sum": 0.7496891055565357,
    "OutBlock_2_sum": 0.6194680996831051,
    "OutBlock_2_had": 3.1520114650433033,
    "TripInteraction_3_had_rbf": 3.4401552362321492,
    "TripInteraction_3_sum_cbf": 2.2129825907313436,
    "AtomUpdate_3_sum": 0.5726014982355858,
    "OutBlock_3_sum": 0.7112866027686733,
    "OutBlock_3_had": 3.242996176121789,
    "TripInteraction_4_had_rbf": 3.395599075040556,
    "TripInteraction_4_sum_cbf": 2.5113406781475445,
    "AtomUpdate_4_sum": 0.7663927096384703,
    "OutBlock_4_sum": 0.5549436839012217,
    "OutBlock_4_had": 2.926766006643733
}