{
    "comment": "gemnet_t",
    "OutBlock_0_sum": 0.7104089281238942,
    "OutBlock_0_had": 3.6771723312339986,
    "TripInteraction_1_had_rbf": 3.847810974712653,
    "TripInteraction_1_sum_cbf": 2.4357477889884547,
    "AtomUpdate_1_sum": 0.9061219242034652,
    "OutBlock_1_sum": 0.6244693481827022,
    "OutBlock_1_had": 3.8163807338306155,
    "TripInteraction_2_had_rbf": 3.766294520205948,
    "TripInteraction_2_sum_cbf": 2.3876888531562113,
    "AtomUpdate_2_sum": 0.6884847090142227,
    "OutBlock_2_sum": 0.608879386094212,
    "OutBlock_2_had": 3.5112091884458425,
    "TripInteraction_3_had_rbf": 3.800117715674187,
    "TripInteraction_3_sum_cbf": 2.2428332564380162,
    "AtomUpdate_3_sum": 0.5594971582162174,
    "OutBlock_3_sum": 0.6262865697092926,
    "OutBlock_3_had": 3.5251535275662085,
    "TripInteraction_4_had_rbf": 3.567019297611384,
    "TripInteraction_4_sum_cbf": 2.3476147378038874,
    "AtomUpdate_4_sum": 0.6386881353276931,
    "OutBlock_4_sum": 0.5622837135261098,
    "OutBlock_4_had": 3.705773609770449
}