{
    "comment": "gemnet_t",
    "OutBlock_0_sum": 0.6393413992872493,
    "OutBlock_0_had": 3.9143859563049297,
    "TripInteraction_1_had_rbf": 3.8440362436882864,
    "TripInteraction_1_sum_cbf": 2.367880328930566,
    "AtomUpdate_1_sum": 0.6829651389622213,
    "OutBlock_1_sum": 0.5717816943571333,
    "OutBlock_1_had": 3.8118515024761113,
    "TripInteraction_2_had_rbf": 3.8406877278345113,
    "TripInteraction_2_sum_cbf": 2.3183748402141284,
    "AtomUpdate_2_sum": 0.5755715582783085,
    "OutBlock_2_sum": 0.537073091801296,
    "OutBlock_2_had": 3.6833564933632705,
    "TripInteraction_3_had_rbf": 3.9196174131289974,
    "TripInteraction_3_sum_cbf": 2.1490699191920295,
    "AtomUpdate_3_sum": 0.481157787068384,
    "OutBlock_3_sum": 0.6141659807655907,
    "OutBlock_3_had": 3.935166561456645,
    "TripInteraction_4_had_rbf": 3.8265708560274008,
    "TripInteraction_4_sum_cbf": 2.2660507762895574,
    "AtomUpdate_4_sum": 0.5376631720225493,
    "OutBlock_4_sum": 0.4880443602384965,
    "OutBlock_4_had": 3.6363381576485474
}