{
    "comment": "gemnet_t",
    "OutBlock_0_sum": 0.795840770410458,
    "OutBlock_0_had": 3.537026069758374,
    "TripInteraction_1_had_rbf": 3.7217128361464744,
    "TripInteraction_1_sum_cbf": 2.6778560190614753,
    "AtomUpdate_1_sum": 0.9549965041212891,
    "OutBlock_1_sum": 0.716514951932239,
    "OutBlock_1_had": 3.382946855864721,
    "TripInteraction_2_had_rbf": 3.4860889401844792,
    "TripInteraction_2_sum_cbf": 2.568474326004322,
    "AtomUpdate_2_sum": 0.7547180275746657,
    "OutBlock_2_sum": 0.6534443529962232,
    "OutBlock_2_had": 3.2381088196171324,
    "TripInteraction_3_had_rbf": 3.5111758564991185,
    "TripInteraction_3_sum_cbf": 2.4436756849356094,
    "AtomUpdate_3_sum": 0.6470217575618243,
    "OutBlock_3_sum": 0.6961877197598026,
    "OutBlock_3_had": 3.285264971355261,
    "TripInteraction_4_had_rbf": 3.3988588445641796,
    "TripInteraction_4_sum_cbf": 2.4856018512760354,
    "AtomUpdate_4_sum": 0.7507946854702978,
    "OutBlock_4_sum": 0.6029187086208841,
    "OutBlock_4_had": 2.996904124442375
}