{
    "comment": "gemnet_t",
    "OutBlock_0_sum": 0.6605361615018998,
    "OutBlock_0_had": 3.427309944733017,
    "TripInteraction_1_had_rbf": 3.6090147387812728,
    "TripInteraction_1_sum_cbf": 2.3696292432438772,
    "AtomUpdate_1_sum": 0.8473163225431315,
    "OutBlock_1_sum": 0.5444165701420984,
    "OutBlock_1_had": 3.588502324755999,
    "TripInteraction_2_had_rbf": 3.48387395413703,
    "TripInteraction_2_sum_cbf": 2.3086938363932994,
    "AtomUpdate_2_sum": 0.5929951815166785,
    "OutBlock_2_sum": 0.5092449275736068,
    "OutBlock_2_had": 3.3349634337789364,
    "TripInteraction_3_had_rbf": 3.5523257097703733,
    "TripInteraction_3_sum_cbf": 2.1298632542387668,
    "AtomUpdate_3_sum": 0.42432815333582397,
    "OutBlock_3_sum": 0.5650926612095309,
    "OutBlock_3_had": 3.454134257811378,
    "TripInteraction_4_had_rbf": 3.625226105536526,
    "TripInteraction_4_sum_cbf": 2.166945863391736,
    "AtomUpdate_4_sum": 0.501263707519503,
    "OutBlock_4_sum": 0.43204149318802754,
    "OutBlock_4_had": 3.382957482390761
}