{
    "comment": "gemnet_t",
    "OutBlock_0_sum": 0.7227937109627802,
    "OutBlock_0_had": 2.779851613284032,
    "TripInteraction_1_had_rbf": 3.084963912310983,
    "TripInteraction_1_sum_cbf": 2.6933969477302084,
    "AtomUpdate_1_sum": 0.8941820658603037,
    "OutBlock_1_sum": 0.5994537827729273,
    "OutBlock_1_had": 2.750306934817145,
    "TripInteraction_2_had_rbf": 2.7554639809691737,
    "TripInteraction_2_sum_cbf": 2.326096131861287,
    "AtomUpdate_2_sum": 0.7032297354973872,
    "OutBlock_2_sum": 0.582169986179693,
    "OutBlock_2_had": 2.825144405200861,
    "TripInteraction_3_had_rbf": 3.0587348728507204,
    "TripInteraction_3_sum_cbf": 2.3391035428630267,
    "AtomUpdate_3_sum": 0.6348939351708357,
    "OutBlock_3_sum": 0.5986694861853193,
    "OutBlock_3_had": 2.7799364669016957,
    "TripInteraction_4_had_rbf": 3.1087035555864504,
    "TripInteraction_4_sum_cbf": 2.452215744334557,
    "AtomUpdate_4_sum": 0.6265864361204675,
    "OutBlock_4_sum": 0.5678035789083075,
    "OutBlock_4_had": 2.8801053786510784
}