{
    "comment": "gemnet_t",
    "OutBlock_0_sum": 0.6376042426388092,
    "OutBlock_0_had": 3.59699012701622,
    "TripInteraction_1_had_rbf": 3.699715983823209,
    "TripInteraction_1_sum_cbf": 2.2870225550146563,
    "AtomUpdate_1_sum": 0.803088647355864,
    "OutBlock_1_sum": 0.5320386144078689,
    "OutBlock_1_had": 3.835737201655283,
    "TripInteraction_2_had_rbf": 3.650213069123819,
    "TripInteraction_2_sum_cbf": 2.2659793001279684,
    "AtomUpdate_2_sum": 0.5709596878461495,
    "OutBlock_2_sum": 0.5112943558723031,
    "OutBlock_2_had": 3.483672253892785,
    "TripInteraction_3_had_rbf": 3.6595924453518016,
    "TripInteraction_3_sum_cbf": 1.9875808862061892,
    "AtomUpdate_3_sum": 0.4307505526344475,
    "OutBlock_3_sum": 0.6013804499736786,
    "OutBlock_3_had": 3.672406793042938,
    "TripInteraction_4_had_rbf": 3.6763711154706753,
    "TripInteraction_4_sum_cbf": 2.0766356110609605,
    "AtomUpdate_4_sum": 0.5110106285222766,
    "OutBlock_4_sum": 0.47715231696465615,
    "OutBlock_4_had": 3.327526860488363
}