{
    "comment": "gemnet_t",
    "OutBlock_0_sum": 0.8531551816569555,
    "OutBlock_0_had": 3.2239058945983268,
    "TripInteraction_1_had_rbf": 3.3743406401621963,
    "TripInteraction_1_sum_cbf": 2.8744588746797546,
    "AtomUpdate_1_sum": 0.9905360427841727,
    "OutBlock_1_sum": 0.6726618772057652,
    "OutBlock_1_had": 3.1535714943839195,
    "TripInteraction_2_had_rbf": 3.0946349360609196,
    "TripInteraction_2_sum_cbf": 2.70836796808425,
    "AtomUpdate_2_sum": 0.7998246051324057,
    "OutBlock_2_sum": 0.6877414403705715,
    "OutBlock_2_had": 3.030601571966269,
    "TripInteraction_3_had_rbf": 3.3447531128564236,
    "TripInteraction_3_sum_cbf": 2.6138208091782293,
    "AtomUpdate_3_sum": 0.6665020419115469,
    "OutBlock_3_sum": 0.6903820763272666,
    "OutBlock_3_had": 3.0458218892114135,
    "TripInteraction_4_had_rbf": 3.2769068740358596,
    "TripInteraction_4_sum_cbf": 2.7500351010637076,
    "AtomUpdate_4_sum": 0.7520531933385896,
    "OutBlock_4_sum": 0.5947165602850327,
    "OutBlock_4_had": 2.9973391917204015
}