{
    "OutBlock_0_sum": 0.711362565748113,
    "OutBlock_0_had": 3.4897410420446064,
    "TripInteraction_1_had_rbf": 3.6246010957957564,
    "TripInteraction_1_sum_cbf": 2.4906277474297176,
    "AtomUpdate_1_sum": 0.8710236854133789,
    "OutBlock_1_sum": 0.6055095975158051,
    "OutBlock_1_had": 3.5277791195144133,
    "TripInteraction_2_had_rbf": 3.485785299155534,
    "TripInteraction_2_sum_cbf": 2.3969823783750117,
    "AtomUpdate_2_sum": 0.6669251635179225,
    "OutBlock_2_sum": 0.57923686527661,
    "OutBlock_2_had": 3.322400156722088,
    "TripInteraction_3_had_rbf": 3.5857196745555355,
    "TripInteraction_3_sum_cbf": 2.233077561139074,
    "AtomUpdate_3_sum": 0.5345105570618807,
    "OutBlock_3_sum": 0.6317669666330936,
    "OutBlock_3_had": 3.438673891698593,
    "TripInteraction_4_had_rbf": 3.526103844132771,
    "TripInteraction_4_sum_cbf": 2.3502869164490474,
    "AtomUpdate_4_sum": 0.6179464274316303,
    "OutBlock_4_sum": 0.5287865500174259,
    "OutBlock_4_had": 3.286774133668259
}