{
    "comment": "gemnet_t",
    "OutBlock_0_sum": 0.793960139496651,
    "OutBlock_0_had": 7.574986100334679,
    "TripInteraction_1_had_rbf": 8.707122437803076,
    "TripInteraction_1_sum_cbf": 4.492532980172615,
    "AtomUpdate_1_sum": 0.6855750496984184,
    "OutBlock_1_sum": 0.6724271847428185,
    "OutBlock_1_had": 7.805091111500791,
    "TripInteraction_2_had_rbf": 8.205452549044477,
    "TripInteraction_2_sum_cbf": 4.6862912603444915,
    "AtomUpdate_2_sum": 0.5330426252102085,
    "OutBlock_2_sum": 0.6459823146767592,
    "OutBlock_2_had": 7.108511798587704,
    "TripInteraction_3_had_rbf": 7.234793128745067,
    "TripInteraction_3_sum_cbf": 4.021205280184052,
    "AtomUpdate_3_sum": 0.5030368653394987,
    "OutBlock_3_sum": 0.5262466268836972,
    "OutBlock_3_had": 7.531226885437699,
    "TripInteraction_4_had_rbf": 7.400909791235742,
    "TripInteraction_4_sum_cbf": 3.852476653571503,
    "AtomUpdate_4_sum": 0.4359227221441339,
    "OutBlock_4_sum": 0.5284256410147786,
    "OutBlock_4_had": 7.521304733082758
}