{
    "energy_mean": -907.6584579207353,
    "energy_std": 38.933786458829104,
    "energy_per_atom_mean": -9.454775603340993,
    "energy_per_atom_std": 0.40556027561280317,
    "force_mean": 0.0,
    "force_std": 2.1511234861913002
}