{
    "comment": "scale_file_malonaldehyde",
    "OutBlock_0_sum": 0.8940752286934018,
    "TripInteraction_1_had_rbf": 3.368311327481302,
    "TripInteraction_1_sum_cbf": 2.9030987857486843,
    "AtomUpdate_1_sum": 1.0344870748954103,
    "OutBlock_1_sum": 0.8371189419647195,
    "TripInteraction_2_had_rbf": 3.1023417692082575,
    "TripInteraction_2_sum_cbf": 2.707167424598995,
    "AtomUpdate_2_sum": 0.8289754772872435,
    "OutBlock_2_sum": 0.6890607723592299,
    "TripInteraction_3_had_rbf": 3.323371386894916,
    "TripInteraction_3_sum_cbf": 2.6231471158267783,
    "AtomUpdate_3_sum": 0.682094841257094,
    "OutBlock_3_sum": 0.6633086161654952,
    "TripInteraction_4_had_rbf": 3.227087052004843,
    "TripInteraction_4_sum_cbf": 2.765903941380823,
    "AtomUpdate_4_sum": 0.7856561908743531,
    "OutBlock_4_sum": 0.5209083419869499
}