{
    "comment": "scale_file_naphthalene",
    "OutBlock_0_sum": 0.6536699811279324,
    "TripInteraction_1_had_rbf": 3.6961980686168117,
    "TripInteraction_1_sum_cbf": 2.2860200635029257,
    "AtomUpdate_1_sum": 0.8210015740688308,
    "OutBlock_1_sum": 0.6602255797083552,
    "TripInteraction_2_had_rbf": 3.6519178363079408,
    "TripInteraction_2_sum_cbf": 2.252369790718623,
    "AtomUpdate_2_sum": 0.5829967234130581,
    "OutBlock_2_sum": 0.5064513328564095,
    "TripInteraction_3_had_rbf": 3.650116930602412,
    "TripInteraction_3_sum_cbf": 1.9606544628041758,
    "AtomUpdate_3_sum": 0.4403925402426134,
    "OutBlock_3_sum": 0.5441633291701167,
    "TripInteraction_4_had_rbf": 3.6860538799084295,
    "TripInteraction_4_sum_cbf": 2.072960114695266,
    "AtomUpdate_4_sum": 0.5198601480360078,
    "OutBlock_4_sum": 0.48328826606351083
}