{
    "comment": "scale_file_salicylic",
    "OutBlock_0_sum": 0.708412110296533,
    "TripInteraction_1_had_rbf": 3.7144843673094576,
    "TripInteraction_1_sum_cbf": 2.354835662027806,
    "AtomUpdate_1_sum": 0.7902650275261534,
    "OutBlock_1_sum": 0.6606538858002721,
    "TripInteraction_2_had_rbf": 3.708284488809365,
    "TripInteraction_2_sum_cbf": 2.374280206779971,
    "AtomUpdate_2_sum": 0.6250967378935746,
    "OutBlock_2_sum": 0.5209053375729005,
    "TripInteraction_3_had_rbf": 3.763711004359277,
    "TripInteraction_3_sum_cbf": 2.009603941025765,
    "AtomUpdate_3_sum": 0.4530791339287865,
    "OutBlock_3_sum": 0.5616313695965909,
    "TripInteraction_4_had_rbf": 3.6317131466117254,
    "TripInteraction_4_sum_cbf": 2.191488785246452,
    "AtomUpdate_4_sum": 0.5425275416534998,
    "OutBlock_4_sum": 0.4819881680447974
}