{
    "comment": "scale_file_compound",
    "OutBlock_0_sum": 0.6782729660911322,
    "TripInteraction_1_had_rbf": 3.8537513026228183,
    "TripInteraction_1_sum_cbf": 2.365301553438041,
    "AtomUpdate_1_sum": 0.7747591836268334,
    "OutBlock_1_sum": 0.6915879315322645,
    "TripInteraction_2_had_rbf": 3.693364389344142,
    "TripInteraction_2_sum_cbf": 2.3210572690183113,
    "AtomUpdate_2_sum": 0.634457498158481,
    "OutBlock_2_sum": 0.5639547008763447,
    "TripInteraction_3_had_rbf": 3.798719114971804,
    "TripInteraction_3_sum_cbf": 2.1877096200889867,
    "AtomUpdate_3_sum": 0.4909185613047886,
    "OutBlock_3_sum": 0.5643561222073821,
    "TripInteraction_4_had_rbf": 3.725649987394893,
    "TripInteraction_4_sum_cbf": 2.257286230553222,
    "AtomUpdate_4_sum": 0.5719128654206369,
    "OutBlock_4_sum": 0.5336192903480756
}
