{
    "comment": "scale_file_ethanol",
    "OutBlock_0_sum": 0.7609561035322236,
    "TripInteraction_1_had_rbf": 3.0857031776489543,
    "TripInteraction_1_sum_cbf": 2.707478610462026,
    "AtomUpdate_1_sum": 0.9407014574110035,
    "OutBlock_1_sum": 0.720121951396079,
    "TripInteraction_2_had_rbf": 2.755332815615819,
    "TripInteraction_2_sum_cbf": 2.339708896916661,
    "AtomUpdate_2_sum": 0.7318355015737428,
    "OutBlock_2_sum": 0.5890514970483783,
    "TripInteraction_3_had_rbf": 3.045636953915025,
    "TripInteraction_3_sum_cbf": 2.3213491759133285,
    "AtomUpdate_3_sum": 0.6570785644985043,
    "OutBlock_3_sum": 0.5667199042161749,
    "TripInteraction_4_had_rbf": 3.115884937265254,
    "TripInteraction_4_sum_cbf": 2.4641298472541755,
    "AtomUpdate_4_sum": 0.6596051012749209,
    "OutBlock_4_sum": 0.4345227771267037
}