{
    "comment": "scale_file_uracil",
    "OutBlock_0_sum": 0.8265761478792574,
    "TripInteraction_1_had_rbf": 3.713333309568634,
    "TripInteraction_1_sum_cbf": 2.6478975079378144,
    "AtomUpdate_1_sum": 0.990419264292457,
    "OutBlock_1_sum": 0.7937031463361273,
    "TripInteraction_2_had_rbf": 3.481441299310191,
    "TripInteraction_2_sum_cbf": 2.527010720608437,
    "AtomUpdate_2_sum": 0.7788698297012684,
    "OutBlock_2_sum": 0.669289029944201,
    "TripInteraction_3_had_rbf": 3.4848443493118886,
    "TripInteraction_3_sum_cbf": 2.393490238650261,
    "AtomUpdate_3_sum": 0.6699108680729435,
    "OutBlock_3_sum": 0.7127555752394689,
    "TripInteraction_4_had_rbf": 3.367399057506415,
    "TripInteraction_4_sum_cbf": 2.440086817787492,
    "AtomUpdate_4_sum": 0.7807109475478599,
    "OutBlock_4_sum": 0.6458201560828729
}