{
    "comment": "prepare_ckpt_ep0",
    "OutBlock_0_sum": 0.656735267031379,
    "TripInteraction_1_had_rbf": 3.838084508997802,
    "TripInteraction_1_sum_cbf": 2.391343309221545,
    "AtomUpdate_1_sum": 0.7033516162761176,
    "OutBlock_1_sum": 0.6503624432372042,
    "TripInteraction_2_had_rbf": 3.8366569343657684,
    "TripInteraction_2_sum_cbf": 2.3335367319870426,
    "AtomUpdate_2_sum": 0.5897232632594623,
    "OutBlock_2_sum": 0.5317892956822319,
    "TripInteraction_3_had_rbf": 3.9173446324591437,
    "TripInteraction_3_sum_cbf": 2.164833021688463,
    "AtomUpdate_3_sum": 0.49192506494679067,
    "OutBlock_3_sum": 0.5664536962920202,
    "TripInteraction_4_had_rbf": 3.831156440932795,
    "TripInteraction_4_sum_cbf": 2.2892947808299042,
    "AtomUpdate_4_sum": 0.5480284915561665,
    "OutBlock_4_sum": 0.5147339793395674
}