{
    "comment": "gemnet_t",
    "OutBlock_0_sum": 1.5344154362956843,
    "TripInteraction_1_had_rbf": 12.30003443353883,
    "TripInteraction_1_sum_cbf": 7.4724068815149565,
    "AtomUpdate_1_sum": 1.412629588547157,
    "OutBlock_1_sum": 1.3337573715236384,
    "TripInteraction_2_had_rbf": 12.59017938305682,
    "TripInteraction_2_sum_cbf": 7.649769171105667,
    "AtomUpdate_2_sum": 1.3303978730668478,
    "OutBlock_2_sum": 1.2687117760798459,
    "TripInteraction_3_had_rbf": 12.421204422810112,
    "TripInteraction_3_sum_cbf": 7.674958506359102,
    "AtomUpdate_3_sum": 1.400993836028389,
    "OutBlock_3_sum": 1.3904071921847687
}