{
    "comment": "gemnet_t",
    "OutBlock_0_sum": 0.8637298531672172,
    "TripInteraction_1_had_rbf": 9.379754593519095,
    "TripInteraction_1_sum_cbf": 3.948099074568577,
    "AtomUpdate_1_sum": 0.6074246089179872,
    "OutBlock_1_sum": 0.6890241608130178,
    "TripInteraction_2_had_rbf": 8.776589570479818,
    "TripInteraction_2_sum_cbf": 4.181360713873026,
    "AtomUpdate_2_sum": 0.47875968150294934,
    "OutBlock_2_sum": 0.5147331815299916,
    "TripInteraction_3_had_rbf": 8.062233218666346,
    "TripInteraction_3_sum_cbf": 3.1354929743445736,
    "AtomUpdate_3_sum": 0.3874077663851715,
    "OutBlock_3_sum": 0.4756063587931468,
    "TripInteraction_4_had_rbf": 7.8106512823420395,
    "TripInteraction_4_sum_cbf": 3.5924241488270963,
    "AtomUpdate_4_sum": 0.35358069824741795,
    "OutBlock_4_sum": 0.46161660947995964
}