{
    "comment": "gemnet_t",
    "OutBlock_0_sum": 1.5344154268655836,
    "OutBlock_0_had": 11.227928328741626,
    "TripInteraction_1_had_rbf": 12.30003443353883,
    "TripInteraction_1_sum_cbf": 7.4724068815149565,
    "AtomUpdate_1_sum": 1.4126295854237965,
    "OutBlock_1_sum": 1.3344681469784938,
    "OutBlock_1_had": 11.9700886451891,
    "TripInteraction_2_had_rbf": 12.590179383037588,
    "TripInteraction_2_sum_cbf": 7.6497691532673855,
    "AtomUpdate_2_sum": 1.3303978639170935,
    "OutBlock_2_sum": 1.2778477936313037,
    "OutBlock_2_had": 12.246730509463122,
    "TripInteraction_3_had_rbf": 12.421204431838156,
    "TripInteraction_3_sum_cbf": 7.674958621517286,
    "AtomUpdate_3_sum": 1.4009938257930077,
    "OutBlock_3_sum": 1.3854420085270576,
    "OutBlock_3_had": 12.451899466348369
}