{
    "comment": "gemnet_t",
    "OutBlock_0_sum": 0.8637298591059966,
    "OutBlock_0_had": 10.71825897879953,
    "TripInteraction_1_had_rbf": 9.379754593519095,
    "TripInteraction_1_sum_cbf": 3.948099074568577,
    "AtomUpdate_1_sum": 0.6074246044704751,
    "OutBlock_1_sum": 0.6940997122099066,
    "OutBlock_1_had": 8.81932054635104,
    "TripInteraction_2_had_rbf": 8.776589519767738,
    "TripInteraction_2_sum_cbf": 4.181360716412475,
    "AtomUpdate_2_sum": 0.4787596885644053,
    "OutBlock_2_sum": 0.5291263702342639,
    "OutBlock_2_had": 8.48394906597586,
    "TripInteraction_3_had_rbf": 8.062233051177255,
    "TripInteraction_3_sum_cbf": 3.1354929970382828,
    "AtomUpdate_3_sum": 0.38740776143112465,
    "OutBlock_3_sum": 0.46253309967550327,
    "OutBlock_3_had": 8.649535401376905,
    "TripInteraction_4_had_rbf": 7.810651529258692,
    "TripInteraction_4_sum_cbf": 3.592424070612503,
    "AtomUpdate_4_sum": 0.3535807041514973,
    "OutBlock_4_sum": 0.47619205696758155,
    "OutBlock_4_had": 8.20135727352228
}